Levels, Exact
8.464604, 7.500000
12.026127, 9.500000
16.416500, 11.500000
