Levels, Exact
1.500412, 1.500000
3.523419, 3.500000
5.759512, 5.500000
