Levels, Exact
4.581120, 4.500000
7.048583, 6.500000
10.233947, 8.500000
