Levels, Exact
4.500010, 4.500000
6.500010, 6.500000
8.500010, 8.500000
