Levels, Exact
7.535769, 7.500000
9.743268, 9.500000
12.338112, 11.500000
