Levels, Exact
1.500010, 1.500000
3.500073, 3.500000
5.502900, 5.500000
