Levels, Exact
4.500430, 4.500000
6.511693, 6.500000
8.614862, 8.500000
