Levels, Exact
1.500010, 1.500000
3.500010, 3.500000
5.500010, 5.500000
