Levels, Exact
7.500010, 7.500000
9.500010, 9.500000
11.500010, 11.500000
